date,be_ya_base,fr_ya_base,nl_ya_base,ger_ya_base,uk_ya_base_eur
1/2/07,55.25,53,58.5,54.7,49.595
1/3/07,55.25,52.8,58.25,54.35,49.145
1/4/07,55.5,52.9,58.05,54.2,49.89
1/5/07,54,51.8,56.75,53.4,49.15
1/8/07,54.7,51.425,56.25,52.7,48.055
1/9/07,54.5,51.875,56.325,53.1,48
1/10/07,54.8,52.15,56.65,53.5,47.31
1/11/07,55.2,52.625,57,54.15,47.61
1/12/07,55.35,52.55,57.15,54.15,48.72
1/15/07,55.9,52.825,57.6,54.5,49.67
1/16/07,56.675,53.225,59.35,55.5,50.88
1/17/07,55.75,52.5,58.8,54.6,49.2
1/18/07,56,52.575,58.55,54.65,49.01
1/19/07,55.5,52.8,58.8,54.8,48.56
1/22/07,55.4,52.25,58.275,54.55,47.795
1/23/07,54.875,51.625,57.6,54.05,47.215
1/24/07,54.85,51,57,53.75,46.42
1/25/07,54.5,50.55,57.35,53.65,46.935
1/26/07,54.025,50.75,57.8,54,45.98
1/29/07,54.025,50.15,57.75,53.65,44.66
1/30/07,53.5,49.3,57.1,53.3,43.91
1/31/07,53.5,48.525,56.3,52.5,43.72
2/1/07,53.1,48.825,56.675,52.8,42.995
2/2/07,52.5,47.925,56.1,51.575,42.48
2/5/07,52.25,47.925,55.55,51.4,43.065
2/6/07,52.3,48.65,55.7,52,42.955
2/7/07,52,48.45,55.05,51.55,43.28
2/8/07,52,48.35,54.8,51.05,42.48
2/9/07,52.325,48.75,54.7,51.15,42.215
2/12/07,52.4,49,54.3,50.5,41.235
2/13/07,51.5,48.15,53.1,50.4,40.77
2/14/07,51.2,47.55,52.25,49.75,40.19
2/15/07,50.975,48.125,52.95,50.4,41.3
2/16/07,51.35,48.3,52.75,50.65,40.865
2/19/07,50,46.625,51.15,49.2,39.49
2/20/07,49.4,46.2,51.15,49.05,39.11
2/21/07,49.5,46.95,52.175,49.5,39.695
2/22/07,49.5,46.5,52,49.3,40.2
2/23/07,50,47.05,53.75,50.275,41.8
2/26/07,51.5,48.6,54.925,51.8,45.35
2/27/07,51.05,48.2,54.7,51.6,44.41
2/28/07,50.95,48.625,54.925,51.9,44.11
3/1/07,51.6,49.9,56.7,52.9,47.405
3/2/07,51.8,48.725,55.75,51.9,45.36
3/5/07,50.85,47.3,54,50.9,42.7
3/6/07,51,47.9,54.85,51.55,43.455
3/7/07,51,47.8,55,51.725,43.72
3/8/07,51,48.8,55.4,52.35,44.54
3/9/07,51.45,49.45,56.15,53,44.78
3/12/07,51.425,49.85,56.4,53.4,46.54
3/13/07,51.4,49.95,56.85,53.35,46.09
3/14/07,50.7,49,56.5,52.7,46.78
3/15/07,51.4,49.75,57.25,53.5,46.93
3/16/07,51.4,49.75,57.05,53.4,46.415
3/19/07,50.95,49.3,57,53.025,45.02
3/20/07,51.25,49.9,57.2,53.5,44.85
3/21/07,51.25,50.1,57.45,53.65,45.2
3/22/07,51.25,50.05,57.25,53.65,45.69
3/23/07,51.25,50,57.75,53.6,45.86
3/26/07,51.55,50.175,58.1,54.1,46.35
3/27/07,51.75,49.9,58.65,53.75,46.38
3/28/07,51.75,50.3,59,54.2,47.61
3/29/07,52.025,50.65,59.3,54.5,47.54
3/30/07,51.7,50.8,59.3,54.45,46.905
4/2/07,52.2,50.55,59.25,54,56.6
4/3/07,52,50.2,58.6,53.45,55.665
4/4/07,51.5,49.8,58.3,53.4,55.215
4/5/07,51.5,50.075,58.65,53.5,55.28
4/10/07,51.9,50.55,58.7,53.65,54.405
4/11/07,52.1,50.925,59.4,54.1,54.985
4/12/07,52.15,50.875,59.8,54.2,54.68
4/13/07,52.5,51.175,60.25,54.35,54.885
4/16/07,51.5,51.1,60.4,54.4,54.955
4/17/07,52,51.2,60.5,54.4,54.59
4/18/07,52.1,50.75,59.65,53.85,54.395
4/19/07,51.75,50.4,59.25,53.6,54.32
4/20/07,51.5,50.2,59.2,53.6,54.08
4/23/07,51.8,50.75,60.2,54.3,54.47
4/24/07,52.35,50.75,60.2,54.45,54.795
4/25/07,52.6,51,60.7,54.9,55.235
4/26/07,52.25,50.85,60.75,55,54.59
4/27/07,52.225,50.75,60.75,54.8,54.29
4/30/07,52.225,51.75,61.6,55.55,54.95
5/1/07,52.25,51.75,61.6,55.55,55.985
5/2/07,52.85,51.5,60.95,55.25,55.845
5/3/07,52.8,51.5,60.6,55.1,55.55
5/4/07,52.95,51.95,61.125,55.25,55.61
5/8/07,53.75,52.5,61.75,55.8,56.23
5/9/07,53.6,52.6,61.85,55.75,55.905
5/10/07,53.75,52.575,61.7,55.6,55.97
5/11/07,53.75,52.875,62.05,56.1,56.02
5/14/07,54.75,53.4,62.4,56.5,57.18
5/15/07,54.5,53.2,62.2,56.3,56.545
5/16/07,54.35,53.6,62.5,56.55,56.54
5/17/07,54.5,53.6,62.5,56.65,57.595
5/18/07,54.5,54,62.5,56.9,58.055
5/21/07,55.25,54.3,63,57.05,57.735
5/22/07,55.1,54,62.65,56.8,57.765
5/23/07,55,53.8,62.7,56.5,58.365
5/24/07,55,54.3,63.15,57.2,59.55
5/25/07,55.9,54.45,63.15,57.25,59.825
5/29/07,56,54.3,63.2,57.1,60.51
5/30/07,54.95,53.3,62.25,55.9,59.055
5/31/07,54.8,53.3,62.3,55.95,58.43
6/1/07,55,53.75,62.85,56.7,58.455
6/4/07,54.75,53.35,62.7,56.75,59.55
6/5/07,54.45,53,62.3,56.5,58.94
6/6/07,54.75,53.1,62.3,56.4,58.43
6/7/07,55,53.6,62.5,56.5,58.555
6/8/07,55,53.65,62.35,56.45,58.235
6/11/07,55.1,53.8,62.4,56.6,58.175
6/12/07,55.2,53.65,62.4,56.65,58.185
6/13/07,55.4,54.1,62.9,57.3,58.445
6/14/07,55.9,54,62.65,57.45,58.64
6/15/07,55.55,53.65,62.3,57.1,58.395
6/18/07,55.6,53.25,61.75,56.55,57.915
6/19/07,55.375,53.3,61.2,56.15,57.73
6/20/07,55.65,53.65,61.3,56.5,58.11
6/21/07,55.6,53.65,61.15,56.45,58.505
6/22/07,55.5,53.85,61.35,56.4,58.395
6/25/07,55.5,53.5,61.1,56,57.69
6/26/07,55.1,53.25,60.95,56.05,57.42
6/27/07,55.5,53.25,60.95,56.1,57.325
6/28/07,56.6,53.95,61.2,56.6,57.77
6/29/07,55.6,53.6,61.6,56.6,58.26
7/2/07,55.4,53.1,61.1,56.1,57.95
7/3/07,55,52.8,60.75,55.6,56.865
7/4/07,54.5,52.25,60.5,55.25,57.07
7/5/07,54.5,52.65,60.75,55.65,56.955
7/6/07,54.7,52.7,61,55.7,57.61
7/9/07,54.9,53,60.95,55.9,57.09
7/10/07,55,52.7,60.85,55.75,56.77
7/11/07,55,52.8,61.1,55.65,56.93
7/12/07,54.75,52.5,60.75,55.25,56.98
7/13/07,54.55,52.45,60.65,55,57.51
7/16/07,54.45,52.1,60.5,54.75,57.265
7/17/07,54.5,52.5,61.25,55.25,57.57
7/18/07,54.7,52.3,60.75,55.05,56.865
7/19/07,54.5,52.6,61.2,55.35,57.73
7/20/07,55.2,52.8,61.25,55.55,57.79
7/23/07,55,52.6,60.9,55.4,58.585
7/24/07,55,52.8,60.8,55.1,57.975
7/25/07,55.25,53,61.05,55.3,57.9
7/26/07,55.5,53.4,61.15,55.55,58.895
7/27/07,55.5,53.5,61.5,55.75,58.87
7/30/07,56,54.1,62.25,56.35,59.26
7/31/07,56.5,54.25,62.45,56.35,58.18
8/1/07,56.1,54.1,62.15,56.2,58.53
8/2/07,56.3,54.6,62.45,56.65,58.465
8/3/07,56.55,54.8,62.675,56.7,58.58
8/6/07,56.4,54.5,62.5,56.5,57.48
8/7/07,56.4,54.25,61.95,56.1,56.745
8/8/07,56.45,54.25,61.4,56.25,56.765
8/9/07,56.25,53.9,60.9,55.7,57.005
8/10/07,55.75,53.5,62.2,55.25,56.59
8/13/07,55.8,53.5,60.75,55.5,56.685
8/14/07,56,53.4,60.5,55.35,56.865
8/15/07,55.7,53,60.15,55.15,56.995
8/16/07,55.2,52.9,59.1,54.85,57.27
8/17/07,54.95,52.65,59.1,54.6,57.135
8/20/07,54.75,52.45,58.75,54.4,56.325
8/21/07,54.6,52.45,58.4,54.4,56.185
8/22/07,54.25,51.75,57.8,53.75,55.595
8/23/07,54.3,52,58.15,53.9,55.68
8/24/07,54.25,51.8,58,53.65,55.835
8/28/07,54.5,52.25,58.5,54.15,55.605
8/29/07,54.85,52.8,59.3,54.75,55.935
8/30/07,54.75,52.4,58.8,54.4,56.055
8/31/07,54.8,52.5,59.1,54.55,56.46
9/3/07,54.7,52.6,58.8,54.75,56.7
9/4/07,55.6,53,59.5,55.1,57.37
9/5/07,55.6,52.95,59,55,57.845
9/6/07,55.65,53.15,59.15,55.05,58.32
9/7/07,55.75,53.25,59.25,55.15,58.2
9/10/07,55.45,53,58.75,54.75,59.015
9/11/07,55.5,53.05,59.1,55.05,59.605
9/12/07,55.85,53.5,59.4,55.4,59.24
9/13/07,55.8,53.4,59.1,55.2,58.82
9/14/07,55.45,53.45,58.8,55.1,59.235
9/17/07,55.45,53.6,58.8,55.25,58.695
9/18/07,56.05,54.15,59.15,55.6,58.805
9/19/07,56.25,54.3,59.35,55.85,59.21
9/20/07,56.35,54.9,59.55,56.05,58.955
9/21/07,56.75,55.15,60,56.5,61.57
9/24/07,57.6,55.75,60.1,56.55,60.78
9/25/07,57.35,55.05,59.25,55.95,59.47
9/26/07,56.6,54.8,59,55.75,59.345
9/27/07,56.8,55.2,59.35,56.2,60.555
9/28/07,57.6,55.7,60.1,56.55,61.66
10/1/07,57.6,55.7,59.9,56.4,61.355
10/2/07,57.65,56.15,60.25,56.7,60.795
10/3/07,57.65,56,60,56.55,60.95
10/4/07,57.75,56.25,60.1,56.65,60.865
10/5/07,58.1,56.55,60.35,56.9,61.18
10/8/07,58.8,57.25,60.8,57.3,61.905
10/9/07,58.6,57.15,60.85,57.35,62.86
10/10/07,59,57.65,61.25,57.7,63.535
10/11/07,59,57.7,61.2,57.75,64
10/12/07,59.2,58.05,61.55,58.1,63.36
10/15/07,59.25,58.65,62.3,58.7,64.75
10/16/07,61.3,59.7,63.05,59.7,66.93
10/17/07,61.75,60.25,63.75,60.2,68.365
10/18/07,61.75,60.15,63.75,60.15,68.295
10/19/07,61.7,60.8,64.2,60.8,67.875
10/22/07,61.5,59.5,63.1,59.6,67.35
10/23/07,61.5,60,63.4,60,67.02
10/24/07,61.9,60.4,63.8,60.35,67.99
10/25/07,62.9,61.25,64.5,60.9,68.42
10/26/07,63.75,62.35,65,61.4,69.625
10/29/07,64.75,63.25,66.15,62.25,70.58
10/30/07,63.25,61.1,64.15,60.25,67.345
10/31/07,63.5,61.8,64.55,60.65,68.015
11/1/07,63.375,61.65,64.3,60.6,68.515
11/2/07,63.3,61.75,64.75,60.65,69.26
11/5/07,62.5,60.4,63.85,59.3,67.93
11/6/07,62.65,61,64.15,60,67.68
11/7/07,63.8,61.8,64.45,60.55,67.67
11/8/07,63.6,62.75,64.5,60.6,68.05
11/9/07,65,63.6,65.5,61.15,68.685
11/12/07,65.5,63.8,65.25,60.9,68.9
11/13/07,65.75,64.75,65.15,61,69.09
11/14/07,64.95,64.7,65.15,60.95,70.215
11/15/07,64.05,63.5,64,60.4,68.67
11/16/07,63.85,63.4,63.95,60.3,68.605
11/19/07,65,63.9,64.7,60.85,69.585
11/20/07,65.75,65.5,65.25,61.4,71.29
11/21/07,66,65.6,65.25,61.5,71.3
11/22/07,65.75,65,64.9,61,70.25
11/23/07,65.25,65.1,65.25,61.2,70.875
11/26/07,65.6,64.3,64.35,60.85,70.835
11/27/07,65.1,64.25,63.45,59.9,69.465
11/28/07,64.7,64.2,63.2,60.1,69.01
11/29/07,64.25,62.9,62.8,59.55,68.935
11/30/07,63.375,61.85,62.375,58.9,67.915
12/3/07,63.6,62.45,63,59.45,67.58
12/4/07,64.75,63.55,63.7,60.05,68.83
12/5/07,64.7,63.3,63.25,60,68.9
12/6/07,64.55,63.5,63.8,59.95,68.575
12/7/07,65.8,64.6,64.05,60.3,69.29
12/10/07,67.1,65.75,64.6,60.85,69.945
12/11/07,66.9,65.5,64.85,60.5,70.55
12/12/07,66.5,64.9,64.85,60.6,71.635
12/13/07,66.65,64.85,65.15,60.8,72.98
12/14/07,66.4,64,65.1,60.55,72.8
12/17/07,64.8,63,64.7,60.15,73.08
12/18/07,65,63.75,65.35,60.8,72.9
12/19/07,64.65,63.8,65.4,60.75,72.9
12/20/07,65.8,65,65.95,61.3,73.33
12/21/07,65.25,64,65.85,61.15,72.2
12/27/07,65.25,65.25,66.25,61,71.91
12/28/07,65.25,66,66.2,61.75,71.625
1/2/08,63.25,62.1,64.95,61.85,72.36
1/3/08,63.7,63.1,66,62.5,73.585
1/4/08,64.2,63,66.3,62.6,73.965
1/7/08,64.8,64,66.3,62.9,75.665
1/8/08,64.65,64,66.5,63.3,76.775
1/9/08,64.2,63.8,66.1,62.9,77.01
1/10/08,64,63.5,65.95,62.5,76.135
1/11/08,64,63,65.75,62.3,76.06
1/14/08,64.25,63.8,66,62.85,75.96
1/15/08,64.25,63.75,65.85,62.75,75.33
1/16/08,63.5,63.1,65,61.85,74.4
1/17/08,63.25,62.6,64.8,61.7,73.495
1/18/08,62.75,62.5,64.75,61.5,74.425
1/21/08,61.85,61,63.2,60.25,71.96
1/22/08,61.35,60.75,62.9,60,71.875
1/23/08,61.15,61,62.3,59.25,70.915
1/24/08,60.85,60.5,62.5,59.5,71.72
1/25/08,62.4,62,64.05,61,73.93
1/28/08,62.25,61.75,63.65,61,73.755
1/29/08,62.75,62.25,64.5,61.5,71.915
1/30/08,63.5,62.5,64.6,61.75,72.585
1/31/08,62.7,62,64,61,72.045
2/1/08,62.75,62.35,64.35,61.4,71.405
2/4/08,62.75,62,64.15,61,69.36
2/5/08,62.125,61.35,63.55,60.4,69.735
2/6/08,62.45,61.5,63.7,60.8,71.275
2/7/08,62.3,61.75,63.975,60.85,72.39
2/8/08,63,62.3,64.55,61.5,72.19
2/11/08,63.25,62.5,64.7,61.5,73.125
2/12/08,63.3,62.75,65,61.75,72.915
2/13/08,63.8,63.25,65.4,62.45,73.725
2/14/08,64.55,64,66.7,63.1,75.78
2/15/08,64.7,64,66.4,63.25,76.345
2/18/08,64.5,63,66.4,62.85,74.765
2/19/08,64.05,64.2,66.7,63.3,75.835
2/20/08,65,64.15,66.9,63.4,75.2
2/21/08,65.25,64.6,67.65,63.9,75.895
2/22/08,65.55,64.8,68,64.05,76.165
2/25/08,65.65,65,68.4,64.3,77.595
2/26/08,65.35,64.7,67.8,64.15,77.255
2/27/08,65.9,65.4,68.5,64.8,77.15
2/28/08,66.15,65.6,68.6,64.85,76.415
2/29/08,66.25,65.75,68.75,65,77.065
3/3/08,65.9,65.45,68.4,64.45,76.175
3/4/08,66,65.05,67.9,64,75.225
3/5/08,65.75,65.1,68.1,64,76.4
3/6/08,65.95,65.55,68.25,64.4,77.015
3/7/08,66.15,65.5,68.3,64.25,77.485
3/10/08,65.6,65.15,67.8,63.85,78.245
3/11/08,65.65,65,67.7,63.6,78.02
3/12/08,65.9,65.25,67.85,63.95,78.365
3/13/08,66.25,65.75,68.25,64.25,77.935
3/14/08,66.2,65.4,68.1,64,77.9
3/17/08,65.7,64.75,67.2,63.25,78.38
3/18/08,65.25,64.5,67.2,63.1,75.95
3/19/08,65.45,64.1,66.55,62.6,75.48
3/20/08,64.55,63.9,66.65,62.45,74.365
3/25/08,64.6,64,66.65,62.4,75.26
3/26/08,65.5,64.8,67.4,63.35,76.09
3/27/08,65.75,65,67.65,63.6,75.92
3/28/08,65.5,64.8,67.45,63.3,76.24
3/31/08,66,65.25,67.9,63.6,75.19
4/1/08,65.9,65,67.55,63.1,73.965
4/2/08,66.1,65.25,68.1,63.45,74.495
4/3/08,66.65,65.75,68.55,63.85,75.095
4/4/08,67.1,66.1,69.15,64.25,75.255
4/7/08,67.9,66.9,69.8,64.9,76.585
4/8/08,67.75,66.45,69.75,64.55,76.395
4/9/08,67.85,67,69.55,64.8,76.065
4/10/08,67.85,67.5,70.2,65.25,77.125
4/11/08,68.6,67.4,70.4,65.2,77.225
4/14/08,69,68.05,70.9,65.55,79.49
4/15/08,70.25,68.75,71.6,65.9,80.6
4/16/08,70.25,69.1,71.5,65.9,80.125
4/17/08,70.55,69.6,71.5,65.9,80.295
4/18/08,70.25,69.05,71.5,65.6,80.49
4/21/08,71.75,70.4,73,66.55,84.585
4/22/08,71.5,70.1,73.4,66.5,83.115
4/23/08,71.6,69.85,73.25,66.4,82.96
4/24/08,71.5,69.95,73.25,66.35,82.67
4/25/08,71.5,70,73.5,66.3,83.04
4/28/08,71.75,69.9,73.65,66.35,84.45
4/29/08,70.3,69,72.6,65.8,83.165
4/30/08,70.8,68.85,72.4,65.5,82.48
5/1/08,70,69,72.4,65.25,82.86
5/2/08,71,69,73.5,66.4,83.17
5/6/08,73.2,71.5,75.5,68.4,87.215
5/7/08,73.85,71.9,76.5,68.75,87.55
5/8/08,74.25,71.875,76.5,68.75,87.42
5/9/08,74.25,72.3,77,69.25,88.42
5/12/08,74,72,76.5,69,89.31
5/13/08,74.75,72.5,76.9,69.6,89.475
5/14/08,74.85,72.25,77.1,69.75,88.88
5/15/08,75.25,72.8,77.4,69.9,89.885
5/16/08,76,73.5,77.9,70.9,91.57
5/19/08,76.7,74.6,79.6,71.7,92.745
5/20/08,77,74.7,78.85,71.75,93.84
5/21/08,78.65,75.8,81.65,72.55,95.66
5/22/08,79.5,75.85,82.75,72.7,96.14
5/23/08,80,76.55,82.1,73.5,97.915
5/27/08,80.75,77.5,83.5,74.6,99.025
5/28/08,80,77.4,83.65,74.3,98.085
5/29/08,80.5,77.35,83.15,74.45,99.43
5/30/08,80.25,75.5,81.75,72.9,96.565
6/2/08,78,75.6,81.75,72.6,96.695
6/3/08,79.2,76.35,81.6,73.6,97.6
6/4/08,78.15,75.6,80.5,72.75,95.8
6/5/08,77.5,74.8,79.6,72,95.385
6/6/08,79.25,76.75,83.1,74.05,99.56
6/9/08,82.1,78.25,84.15,75.4,101.69
6/10/08,81.4,78.2,84.65,75.5,101.695
6/11/08,81.85,78.6,85.55,75.85,103.72
6/12/08,83.2,79.75,87.05,76.65,103.855
6/13/08,84.25,80,88.4,77.15,103.88
6/16/08,85.2,81.2,89.1,77.8,104.63
6/17/08,84.75,81,88.6,77.55,104.665
6/18/08,86.3,82.75,90.6,79,104.725
6/19/08,88.25,83,91.7,79.5,104.955
6/20/08,88,83.25,91.6,79.8,105.22
6/23/08,88.85,84.5,92.35,80.9,105.815
6/24/08,89.35,85.5,93.2,82.1,106.9
6/25/08,90,86.4,93.4,82.65,106.195
6/26/08,90.75,87.2,94.15,83.9,107.175
6/27/08,93.5,89.45,96.25,86.35,109.535
6/30/08,95.75,91.5,98.2,88.5,112.265
7/1/08,96.7,93,99.75,90.1,113.445
7/2/08,96,88.5,95.5,85.5,112.165
7/3/08,94.8,90.6,97.45,87.35,112.265
7/4/08,95.45,91.5,97.75,87.55,113.02
7/7/08,95.45,91.5,97.75,87.85,112.215
7/8/08,93.725,89.5,96.25,85.55,109.025
7/9/08,92.45,89.75,94.2,84.75,107.36
7/10/08,91.75,88,93.75,84,107.045
7/11/08,95.5,91.75,96.75,87.9,109.7
7/14/08,94.35,90.7,95.75,87,108.94
7/15/08,92.7,89,94,85.5,107.71
7/16/08,90.3,86.75,90.75,82.5,105.145
7/17/08,90.15,86.9,90.15,83.35,104.855
7/18/08,88,84.25,87.65,80.4,102.72
7/21/08,85.5,83.5,85.5,78.5,101.89
7/22/08,86,82.25,85.25,78,101.38
7/23/08,84.3,80.75,84.25,76.75,100.63
7/24/08,85.75,83.6,86.25,79.4,100.73
7/25/08,88.5,84.5,86.25,79.5,100.095
7/28/08,87,82.75,87,78.2,100.315
7/29/08,86.25,82.25,85.5,78,99.81
7/30/08,85.3,81.25,84.5,76.8,99.78
7/31/08,87.1,84,87,79,101.53
8/1/08,87,83.5,86.65,79,100.38
8/4/08,86.8,83.25,86.2,78.75,99.715
8/5/08,84.25,80.75,84,76.4,96.125
8/6/08,84.1,80.65,83.95,76.1,96.4
8/7/08,85.75,82.5,85.65,78.1,97.6
8/8/08,85.6,82.35,85.4,77.5,96.81
8/11/08,85.5,82.85,85.575,78,97.615
8/12/08,85.9,83.2,85.55,78.45,98.655
8/13/08,87.5,85.05,86.85,80.1,99.745
8/14/08,88.5,87,87.8,81.25,99.125
8/15/08,88.5,86.25,87.05,80.25,98.33
8/18/08,89.6,87.4,88.4,81.8,99.395
8/19/08,89.55,87.4,88.4,81.55,99.46
8/20/08,92.15,90.15,91.15,83.2,102.88
8/21/08,93.35,91.3,92.95,84.8,103.85
8/22/08,93,90.45,92.25,84.5,102.84
8/26/08,92.5,90.5,91.45,83.25,101.285
8/27/08,93.25,91.5,92.2,84.6,103.45
8/28/08,93.45,91.75,92.25,84.75,102.875
8/29/08,93,91.25,92.1,84.75,103.23
9/1/08,92,89.5,90,83,101.86
9/2/08,90.6,88.5,89.75,82.65,100.4
9/3/08,89.9,87.8,88.55,81.85,99.325
9/4/08,90.2,88.1,88.95,82.05,99.94
9/5/08,89.2,86.65,87.7,80.7,99.755
9/8/08,88.7,86.4,87.7,80.4,100.31
9/9/08,86.85,84.6,85.95,79,98.2
9/10/08,86.8,84.5,85.15,78.5,98.005
9/11/08,87.2,85.15,85.4,78.5,97.69
9/12/08,88,86.25,86,79.5,99.15
9/15/08,85.3,83.1,83.4,76.4,96.19
9/16/08,84.25,81.9,81.75,74.85,94.565
9/17/08,86.95,85,84.5,77,93.78
9/18/08,87.85,85.5,85.45,77.85,95.16
9/19/08,90,88.25,87.5,80.45,97.28
9/22/08,91.3,89.4,88.75,81.7,101.4
9/23/08,91.3,89.5,88.7,81.6,100.82
9/24/08,90.8,88.75,87.9,80.9,100.44
9/25/08,89.75,87.75,87.35,80.1,99.935
9/26/08,89.75,87.75,87.35,80.3,99.305
9/29/08,88.5,86.75,85.15,77.95,96.15
9/30/08,87.7,85.5,84.6,77.25,94.235
10/1/08,88.95,87,85,78,95.655
10/2/08,90.75,89,86.3,79.75,94.975
10/3/08,90.75,88.75,86,80,96.845
10/6/08,88.65,86.75,84.2,77.75,94.31
10/7/08,88.45,87,84,77.9,93.77
10/8/08,87,85.25,82.75,76.6,91.935
10/9/08,87.2,86,82.6,77,90.755
10/10/08,84.6,83,79.5,74.4,87.185
10/13/08,85.65,84.45,81,76,88.79
10/14/08,87,85.75,82.45,77,90.355
10/15/08,84.85,82.75,79,73.9,86.87
10/16/08,83.5,82,77.05,72.8,82.295
10/17/08,82.75,80.85,76.45,72.45,81.265
10/20/08,82.8,81.7,77,73.4,81.6
10/21/08,82.75,81.575,77.4,73.4,82.05
10/22/08,82.25,80.05,76.35,72.1,81.945
10/23/08,81.4,80.25,75.8,72.3,81.14
10/24/08,80.15,78.6,74.25,71,77.95
10/27/08,76.75,75.5,72.2,69,73.79
10/28/08,75.05,74.7,71.95,68.25,71.615
10/29/08,75.25,75,72.75,69.5,74.065
10/30/08,75.4,75,72.85,69.2,75.285
10/31/08,74.5,73.5,71.75,68,74.94
11/3/08,74.7,73.75,72.3,68.35,77.965
11/4/08,75.45,74.8,73,69,77.45
11/5/08,76.5,75,73.7,69.5,76.705
11/6/08,76,74.7,73.1,68.3,75.215
11/7/08,76.15,75,73.5,68.75,75.19
11/10/08,76.1,74.6,73.5,68.85,74.91
11/11/08,73.75,72,71.5,67,72.035
11/12/08,73.4,71,70.3,66.2,71.9
11/13/08,70.85,69,68.5,65.6,69.02
11/14/08,70.15,68.8,68.25,64.55,67.875
11/17/08,68.25,66.75,66.15,62.55,66.9
11/18/08,67,66.5,65.1,61.55,66.645
11/19/08,67.25,66,64.35,60.6,65.125
11/20/08,64,63,61.5,57.3,62.395
11/21/08,63.7,62,60.5,57.2,62.205
11/24/08,62.2,61,59.3,56.7,61.345
11/25/08,62.4,61.5,60.9,57.6,61.575
11/26/08,62.45,61.4,60.8,57.6,61.545
11/27/08,66.5,64.5,64,61.5,64.1
11/28/08,65.3,64.25,64.2,60.25,63.34
12/1/08,61.75,60.8,61.1,57.7,61.545
12/2/08,61.65,60,60.2,56.9,59.895
12/3/08,59.25,58,58.5,55,59.375
12/4/08,59.4,58.75,58.65,54.65,58.7
12/5/08,60.25,58.8,58.4,54.8,57.38
12/8/08,59.5,59.25,59.25,55.8,57.385
12/9/08,60.2,59.25,59.5,55.9,57.615
12/10/08,61.25,60,59.6,56.75,59.24
12/11/08,63.6,63,62.75,59.75,63.24
12/12/08,62.35,61,61.2,57.65,60.835
12/15/08,62.5,61,61.25,57.75,61.19
12/17/08,61.2,59.75,60.15,56.4,59.83
12/18/08,61,59.5,59,55.6,57.83
12/19/08,60.8,59.5,59.3,55.6,56.62
12/22/08,61.5,60.5,60,57,56.635
12/23/08,61.6,60.6,60.25,56.3,56.51
12/24/08,61,60.25,59.4,55.95,55.535
12/29/08,61,61,59.4,57.15,56.875
12/30/08,62.5,60.9,61,56.95,55.215
12/31/08,62.5,60.9,60.75,56.65,54.105
1/2/09,61.05,59.5,59.7,56.5,53.62
1/5/09,60.25,59.75,60,57.6,54.99
1/6/09,61.5,61.5,60.9,59,58.815
1/7/09,61.1,60.25,59.85,57.25,58.725
1/8/09,59.15,58.5,58.6,55.95,57.39
1/9/09,57.15,56.1,58,55.05,55.535
1/12/09,55.1,54,55.4,52.95,54.62
1/13/09,54.95,54.1,55.25,53,55.025
1/14/09,54.7,54.05,54.75,52.7,55.58
1/15/09,55.05,54.5,55.8,53.35,55.94
1/16/09,54.2,53.5,55.15,52.65,55.325
1/19/09,51.95,50.5,52.75,50.4,51.735
1/20/09,49.9,50,52.4,50.25,51.545
1/21/09,50.25,49.8,51.75,49.85,50.65
1/22/09,50.65,50.5,52.4,50.4,50.665
1/23/09,50.75,50,52.3,50,51.59
1/26/09,52.3,52,53.5,51.45,51.84
1/27/09,52.05,51.25,52.75,50.85,51.49
1/28/09,51.8,50.8,52.5,50.9,51.815
1/29/09,51.75,51.25,52.9,50.75,52.76
1/30/09,52.1,51.9,53.2,51.15,54
2/2/09,51.1,50.8,52.25,50.35,54.525
2/3/09,50.9,50.4,51.8,49.75,51.745
2/4/09,50.9,50.6,51.7,49.5,51.69
2/5/09,50.95,50.75,51.7,49.55,52.825
2/6/09,51.25,51.1,52.2,49.95,52.645
2/9/09,52.3,52.3,53.3,51.35,53.555
2/10/09,51.95,51.9,52.95,50.75,52.425
2/11/09,50.55,50.5,51.4,49.55,50.31
2/12/09,49.55,49.5,49.9,48.25,49.055
2/13/09,49.35,49.25,49.9,48,48.55
2/16/09,48.1,47.75,48.95,46.7,46.485
2/17/09,47.05,46.45,48,45.5,47.19
2/18/09,47.3,46.95,47.9,45.85,48.925
2/19/09,47.3,47.05,48.15,46.15,48.19
2/20/09,46.5,46.4,47,45.3,46.955
2/23/09,45.5,44.85,45.8,43.75,46.025
2/24/09,44.4,44.1,44.8,43,46.345
2/25/09,44.45,43.75,44.8,42.4,46.295
2/26/09,46.9,46.8,46.5,44.7,47.815
2/27/09,46.35,46.1,46,43.6,46.285
3/2/09,45,45.3,44.65,42.65,46.495
3/3/09,46,45.65,45.5,43.6,46.33
3/4/09,47.05,48,47.9,45.85,48.105
3/5/09,47.7,47.5,47,45.55,46.545
3/6/09,48,47.8,47.55,45.55,46.175
3/9/09,49.15,49.1,48.55,46.8,46.145
3/10/09,49.85,49.9,49.3,47.75,45.4
3/11/09,48.7,48.5,48.15,46.35,44.11
3/12/09,48.2,47.85,47.25,45.65,43.555
3/13/09,48.85,48.75,47.7,46.55,43.69
3/16/09,48.9,48.5,47.7,46.75,44.15
3/17/09,49.4,49.5,48.85,47.55,43.365
3/18/09,49.5,49.25,48.35,47.15,42.97
3/19/09,50.55,50.45,49.75,48.45,42.73
3/20/09,50.4,50.6,49.7,49,43.305
3/23/09,53.05,52.7,52,51.05,46.01
3/24/09,52.6,52.3,51.55,50.4,45.49
3/25/09,50.95,51.15,50.4,49.5,45.75
3/26/09,51.8,51.5,51.5,50,45.505
3/27/09,51.7,51.15,51.1,49.65,44.84
3/30/09,50.15,50,49.75,48.5,51.83
3/31/09,50.3,50,49.95,48.7,53.125
4/1/09,51.15,51,51,49.75,53.08
4/2/09,53.25,52.85,53.25,51.85,54.13
4/3/09,54.1,54,53.4,52.2,55.045
4/6/09,54.8,55,54.2,52.8,56.37
4/7/09,53.15,52.9,52.25,51,56.265
4/8/09,53.25,52.95,52,51.45,55.775
4/9/09,55.2,54.9,54.5,53.15,56.08
4/14/09,55,54.85,54.4,53.15,56.115
4/15/09,54.9,54.75,54.5,52.65,56.52
4/16/09,55.6,55.4,54.9,53.6,56.93
4/17/09,56.45,56.25,55.45,54.3,56.895
4/20/09,54.9,54.6,54.1,52.4,55.335
4/21/09,53.85,54,53.1,52.2,54.33
4/22/09,54.7,54.35,53.65,52.35,55.415
4/23/09,54.2,53.85,53.2,51.65,54.08
4/24/09,54.15,54.1,53.4,52.15,54.59
4/27/09,52.85,52.45,51.75,50.8,53.105
4/28/09,52.65,52.25,51.95,50.4,52.35
4/29/09,53.2,52.9,52.35,51,52.97
4/30/09,53.45,53.6,53.3,51.75,52.835
5/1/09,53.95,53.85,53.8,52.2,53.19
5/5/09,55.45,55.15,55.15,52.8,54.09
5/6/09,55.7,55.65,54.75,53.75,55.245
5/7/09,56.95,56.2,55.5,54,57.015
5/8/09,57.1,56.5,56.2,54.75,56.84
5/11/09,56.05,55.95,55.25,54.15,56.76
5/12/09,55.55,54.8,54.9,53.25,56.43
5/13/09,55,54,54.7,52.8,56.6
5/14/09,53.85,53.5,53.75,52.3,55.235
5/15/09,54.25,53.8,53.7,52.7,55.24
5/18/09,54,53.95,53.85,52.6,55.39
5/19/09,55,55,55,53.6,56.445
5/20/09,56.1,55.75,55.7,54.3,56.95
5/21/09,55.5,55,55,53.3,55.45
5/22/09,55.75,55.65,55.5,53.6,55.02
5/26/09,54.45,54.4,53.8,53.05,54.425
5/27/09,55.55,55.4,54.85,53.85,55.42
5/28/09,55.35,55.3,55,53.8,55.985
5/29/09,55.5,55.25,55.2,53.65,55.955
6/1/09,54.95,55.75,54.65,54.5,56.32
6/2/09,55.6,55.25,54.85,53.9,57.455
6/3/09,55,54.5,53.95,52.95,56.49
6/4/09,55.05,54.75,54.1,53.05,56.93
6/5/09,55.7,55.45,54.8,53.4,57.19
6/8/09,55.2,54.7,54.2,53.15,56.57
6/9/09,55.55,55.3,54.6,53.3,57.095
6/10/09,56.05,55.9,55.25,53.7,57.78
6/11/09,55.9,55.9,54.95,53.5,57.71
6/12/09,55.4,55.5,53.95,53.2,57.365
6/15/09,54.55,54.25,53.25,51.7,56.825
6/16/09,55,54.65,53.7,52.2,57.73
6/17/09,53.25,53.05,52.45,50.5,57.04
6/18/09,53.75,53.6,52.6,51.15,56.755
6/19/09,54.25,54,52.85,51.3,56.44
6/22/09,52.8,52.5,51.45,50,55.02
6/23/09,52.75,52.7,51.85,50.05,54.96
6/24/09,53.05,52.95,51.85,50.4,54.31
6/25/09,53.45,53.05,52.35,50.8,54.935
6/26/09,53.6,53.05,52.4,50.65,54.455
6/29/09,53.35,53,52,50.75,54.695
6/30/09,53.55,53.1,52.2,50.35,53.825
7/1/09,53,52.35,51.45,49.7,53.285
7/2/09,52.15,51.9,50.15,49.4,52.08
7/3/09,52,51.65,50.7,49.2,51.87
7/6/09,51.5,51.3,50.05,48.85,50.995
7/7/09,51.95,51.7,50.6,49.35,50.99
7/8/09,52.15,51.9,50.75,49.75,51.1
7/9/09,52.4,52.2,51.3,49.9,51.745
7/10/09,52.25,52.1,50.95,49.85,50.7
7/13/09,52.4,52.45,51.15,50.05,51.63
7/14/09,52.85,52.7,51.6,50.25,51.33
7/15/09,52.6,52.3,51.1,49.9,51.81
7/16/09,52.5,52.5,50.8,50.05,51.745
7/17/09,52.4,52.2,50.6,49.8,51.685
7/20/09,52.1,51.95,50.5,49.35,51.735
7/21/09,52.5,52.1,50.75,49.7,53.01
7/22/09,51.9,51.65,50.25,49.15,52.89
7/23/09,51.75,51.8,50.4,49.4,53.18
7/24/09,52,51.9,50.65,49.5,53.6
7/27/09,51.9,51.75,50.55,49.35,53.64
7/28/09,51.7,51.4,50.15,48.95,53.42
7/29/09,51.2,51.25,50.05,48.85,52.67
7/30/09,51.3,51.4,50.35,49.3,53.21
7/31/09,51.25,51.4,50.35,49.3,53.165
8/3/09,51.4,52,51,49.85,53.36
8/4/09,51.6,52.25,51,50.15,53.875
8/5/09,51.8,52.5,51.5,50.25,53.815
8/6/09,52.25,53,51.75,50.6,54.98
8/7/09,52,52.5,51.6,50.4,54.3
8/10/09,51.85,52.5,51.35,50.2,54.49
8/11/09,52.1,52.45,51.45,50.1,53.795
8/12/09,51.9,52.45,51.3,50,53.82
8/13/09,52.4,53,51.85,50.8,54.245
8/14/09,52.95,53.6,52.35,51.3,53.95
8/17/09,52.55,53.2,51.95,50.75,53.31
8/18/09,52.45,52.95,51.9,50.6,53.13
8/19/09,52.35,53,51.9,50.75,53.925
8/20/09,52.3,52.65,51.75,50.55,52.96
8/21/09,52.4,53.05,52.1,51.1,52.72
8/24/09,52.25,52.75,51.75,50.65,52.105
8/25/09,52,52.5,51.4,50.35,51.375
8/26/09,51.25,52.25,51.1,50.35,50.97
8/27/09,51.1,52,50.85,49.85,50.825
8/28/09,51,52,50.65,49.9,50.965
9/1/09,50.2,51.4,49.85,49.2,49.715
9/2/09,50.3,51.55,49.65,49.2,48.555
9/3/09,50.1,51.75,49.35,49.25,48.26
9/4/09,49.7,51.15,48.7,48.8,47.51
9/7/09,49.85,50.9,48.55,48.6,47.5
9/8/09,49.95,51.4,49,49,48.545
9/9/09,50.2,51.75,49,49.05,48.975
9/10/09,49.9,51.45,48.75,48.75,48.295
9/11/09,49.75,51.2,48.65,48.65,48.34
9/14/09,49.05,50.5,47.5,47.85,47.37
9/15/09,48.65,50.3,47.4,47.8,47.275
9/16/09,48.8,50.3,47.55,47.85,47.02
9/17/09,48.5,49.95,47.25,47.6,46.825
9/18/09,48.2,50.05,47.05,47.45,46.72
9/21/09,48,49.9,47,47.35,45.575
9/22/09,48.15,50.15,47.15,47.45,45.615
9/23/09,48.4,50.1,46.85,47.15,45.795
9/24/09,47.7,49.5,46.5,46.6,45.11
9/25/09,47.45,49.2,46.45,46.6,45.355
9/28/09,47.8,49.75,46.9,46.9,45.98
9/29/09,47.85,49.6,46.8,46.75,45.765
9/30/09,48.2,49.6,46.85,47,46.25
10/1/09,48,49.85,47,47.05,46.2
10/2/09,47.6,49.7,46.75,46.8,46.185
10/5/09,47.7,50.2,46.95,47.15,46.3
10/6/09,48.7,51,47.8,48.05,47.275
10/7/09,49.3,51.55,48.3,48.25,46.735
10/8/09,49.05,51.1,48.05,48.2,46.83
10/9/09,49.15,51.6,48.3,48.3,47.655
10/12/09,49.5,52.65,48.6,48.55,49.14
10/13/09,49.8,52.35,48.5,48.3,49.145
10/14/09,49.65,51.9,48.5,48,49.035
10/15/09,49.5,51.6,47.9,47.7,48.235
10/16/09,49.45,52.3,48.2,48,48.86
10/19/09,50,53.4,48.4,48.25,49.89
10/20/09,50.5,54.65,49,48.75,49.945
10/21/09,50.8,55.75,49.6,49.75,50.335
10/22/09,51.1,54.85,49.5,49.3,50.885
10/23/09,50.75,55.55,49.3,49.05,50
10/26/09,50.4,54.6,49,48.5,48.61
10/27/09,49.9,54.4,48.6,48.4,48.685
10/28/09,49.9,54.65,48.85,48.5,48.625
10/29/09,50.25,55.2,49.05,48.55,49.445
10/30/09,50.4,55.4,49,48.55,49.22
11/2/09,50.35,55.55,49,48.55,48.38
11/3/09,50.05,54.3,48.6,48.4,47.455
11/4/09,49.35,53.75,48.05,47.85,48.07
11/5/09,49.3,53.65,47.95,47.7,47.54
11/6/09,48.75,52.6,47.4,47.25,46.6
11/9/09,48,51.35,46.6,46.65,46.23
11/10/09,48.1,51,46.85,46.65,46.32
11/11/09,48,51,47.05,46.85,46.59
11/12/09,47.25,50,46.3,45.95,45.52
11/13/09,47.35,50.9,46.35,46.45,45.335
11/16/09,47.45,51.5,46.45,46.9,45.69
11/17/09,47.1,51.3,46.1,46.65,45.69
11/18/09,47.6,52.35,46.7,46.9,46.04
11/19/09,46.5,51.4,45.65,46.05,44.48
11/20/09,46.95,51.1,45.4,46,44.155
11/23/09,46.45,50.5,45,45.45,43.94
11/24/09,45.65,48.55,44.55,44.85,42.74
11/25/09,45.75,48.55,44.6,44.9,43.175
11/26/09,46,48.7,44.8,44.8,43.115
11/27/09,45.3,48.5,44.2,44.7,42.905
11/30/09,44.75,47.5,43.65,43.95,42.295
12/1/09,44.7,47.8,43.5,43.8,41.965
12/2/09,44.3,46.95,42.95,43.15,42.295
12/3/09,44.2,47.05,42.95,43.05,42.375
12/4/09,43.65,46.8,42.8,42.95,42.415
12/7/09,44.8,47.95,43.75,44.1,43.98
12/8/09,44.9,48,43.7,43.85,44.105
12/9/09,44.7,47.5,43.7,43.9,44.165
12/10/09,44.95,47.7,43.8,44.1,43.48
12/11/09,45.35,48,44.15,44.4,43.795
12/14/09,45.3,47.75,44.15,44.3,44.255
12/15/09,46,48.6,44.9,45,44.225
12/16/09,45.5,48,44.6,44.8,45.03
12/17/09,44.7,47.45,43.95,44.1,45.305
12/18/09,44.85,47.55,44.3,44.5,45.815
12/21/09,45.1,47.8,44.35,44.45,45.58
12/22/09,45,47.95,44.45,44.7,44.61
12/23/09,45,47.8,44.5,44.55,44.85
12/24/09,45.25,48.05,44.75,44.8,44.705
12/29/09,45.25,47.8,44.75,43.95,48.08
12/30/09,45.25,48.4,44.75,44.05,45.625
12/31/09,45.25,48.4,44.75,44.1,45.69
1/4/10,52.5,54.3,52,52.9,46.57
1/5/10,52.25,54,51.8,52.6,46.625
1/6/10,51.7,53.15,51.15,51.8,46.08
1/7/10,51.9,53.65,51.45,52.3,46.605
1/8/10,51.7,53.35,51.1,52,45.775
1/11/10,51.35,52.7,50.4,51.05,45.46
1/12/10,50.4,52.3,49.75,50.7,44.36
1/13/10,49.8,51.5,49.05,49.9,43.765
1/14/10,50.25,52,49.45,50.4,44.45
1/15/10,49.75,51.75,48.95,49.95,44.505
1/18/10,49.4,51.65,48.6,49.9,44.515
1/19/10,49.65,52.2,49.05,50.25,45.46
1/20/10,49.7,51.75,48.9,49.7,45.645
1/21/10,49.6,51.7,48.8,49.55,45.185
1/22/10,49.2,51.2,48.4,49.2,45.08
1/25/10,49.35,51.6,48.7,49.6,45.69
1/26/10,49.3,51.8,48.55,49.6,46.51
1/27/10,50,52.1,49.25,50.05,45.98
1/28/10,49.5,51.5,48.7,49.45,45.385